brand,itemName,category,size,unit,mrp,price,minAlert,notes
Tide,Tide Powder,Cleaning & Housekeeping,10,kg,1179,903,0,
Amul,Gold Milk,Dairy,500,ml,35,35,4,
Amul,Mozzarella Diced Pizza Cheese,Dairy,1,kg,550,542,1,
Amul,Diced Blend Cheese,Dairy,1,kg,560,520,0,
Amul,Cheddar Cheese Diced,Dairy,1,kg,570,570,0,
Amul,Cheese Slices,Dairy,750,gm,440,440,1,
Amul,A+ Cheese Slices,Dairy,400,gm,400,223,0,
Amul,Processed Cheese Cubes,Dairy,200,gm,135,132,0,
Amul,Plain Cheese Spread,Dairy,200,gm,115,115,0,
Amul,Salted Butter,Dairy,500,gm,310,310,1,
Amul,Unsalted Butter,Dairy,500,gm,320,320,0,
Jain Dairy,Paneer,Dairy,100,gm,100,90,1,
DMart Premia,Moong Dal,Kathod,500,gm,98,75,2,
DMart Premia,Tur Dal Latur,Kathod,500,gm,109,80,2,
DMart Premia,Chana Dal,Kathod,500,gm,76,54,1,
DMart Premia,Moong Whole,Kathod,500,gm,108,80,1,
DMart Premia,Desi Kabuli Chana,Kathod,500,gm,108,78,0,
DMart Premia,Urad Dal,Kathod,500,gm,128,93,1,
DMart Premia,Masoor Whole,Kathod,500,gm,68,48,1,
DMart Premia,Chana Big,Kathod,500,gm,103,78,1,
DMart Premia,Chana Green,Kathod,500,gm,128,92,1,
DMart Premia,Chana White,Kathod,500,gm,128,92,1,
DMart Premia,Moong Dal Chilti,Kathod,500,gm,100,72,2,
DMart Premia,Rajma Kashmiri,Kathod,500,gm,127,93,1,
DMart Premia,Chowli Red,Kathod,500,gm,109,27,1,
DMart Premia,Haldi Powder Delux,Kathod,200,gm,85,58,1,
DMart Premia,Tuwar Whole,Kathod,500,gm,107,78,0,
Angoor,Toor Dal,Kathod,5,kg,960,740,0,
DMart Premia,Dhania Powder Deluxe,Masala,500,gm,194,142,2,
DMart Premia,Jeera Powder Deluxe,Masala,200,gm,97,69,1,
DMart Premia,Black Pepper Powder,Masala,100,gm,177,125,0,
DMart Premia,Kashmiri Chilli Powder Deluxe,Masala,500,gm,560,413,2,
DMart Premia,Red Chilli Powder Deluxe,Masala,500,gm,560,413,0,
DMart Premia,Reshampatti Chilli Powder,Masala,500,gm,249,180,0,
DMart Premia,Amchur,Masala,100,gm,36,36,0,
Snapin,Oregano,Masala,20,gm,109,104,1,
Snapin,Mixed Herbs Italian Seasoning,Masala,20,gm,119,113,0,
Snapin,Red Chilli Flakes,Masala,35,gm,95,90,0,
Snapin,Chilli Flakes - Extra Hot,Masala,45,gm,119,119,0,
Snapin,Garlic Powder,Masala,50,gm,99,86,0,
Snapin,Cinnamon Powder,Masala,45,gm,129,114,0,
Snapin,Pizza Oregano Mix Seasoning,Masala,50,gm,109,104,0,
Snapin,Kashmiri Chilli Paprika,Masala,45,gm,129,114,1,
Snapin,Nutmeg Powder,Masala,50,gm,149,137,0,
Snapin,White Onion Powder,Masala,40,gm,99,68,0,
Urban Platter,Vegan Cheddar Cheese Seasoning,Masala,100,gm,140,136,0,
Tirupati,Cottonseed Oil,Oil & Fats,15,kg,3251,3043,1,
TATA Simply Better,Mustard Cold Pressed Oil,Oil & Fats,1,l,375,289,1,
Figaro,Olive Oil Tin,Oil & Fats,200,ml,399,319,0,
Parachute,Coconut Oil,Oil & Fats,1,l,575,433,1,
Soulflower,Cold Pressed Castor Oil,Oil & Fats,120,ml,300,220,0,
Soulflower,Rosemary Lavender Hair Oil,Oil & Fats,120,ml,300,285,0,
Ching's,Schezwan Chutney,Sauces & Condiments,590,gm,190,130,0,
Ching's,Green Chilli Sauce,Sauces & Condiments,190,gm,60,45,0,
Ching's,Dark Soy Sauce,Sauces & Condiments,200,gm,60,45,0,
Ching's,Red Chilli Sauce,Sauces & Condiments,200,gm,60,45,0,
Ching's,Chilli Vinegar,Sauces & Condiments,170,ml,50,40,0,
Kissan,Tomato Sauce - Sweet & Spicy,Sauces & Condiments,850,gm,140,86,1,
Veeba,Tomato Ketchup,Sauces & Condiments,900,gm,120,83,1,
Dr. Oetker FunFoods,Veg Mayonnaise Original,Sauces & Condiments,1.1,kg,259,181,1,
DMart Premia,Gantur Chilli,Khada Masala,100,gm,73,54,1,
DMart Premia,Chilli Teja,Khada Masala,100,gm,68,49,1,
DMart Premia,Chilli Kashmiri,Khada Masala,100,gm,173,125,1,
DMart Premia,Black Papper,Khada Masala,100,gm,178,128,1,
DMart Premia,Lawang,Khada Masala,50,gm,129,95,1,
DMart Premia,Tej Patta,Khada Masala,50,gm,48,37,1,
DMart Premia,Masala Elaichi,Khada Masala,50,gm,246,175,1,
DMart Premia,kasoori Methi,Khada Masala,100,gm,92,62,1,
DMart Premia,Jeera,Khada Masala,500,gm,216,156,2,
DMart Premia,Black Papper,Khada Masala,100,gm,178,128,2,
DMart Premia,Rai Small,Khada Masala,200,gm,48,36,1,
DMart Premia,Taj,Khada Masala,100,gm,103,75,2,
DMart Premia,Dhaniya,Khada Masala,200,gm,100,74,1,
DMart Premia,Badiyan,Khada Masala,100,gm,139,97,1,
DMart Premia,Green Elaichi,Khada Masala,50,gm,428,226,1,
DMart Premia,Jaipatri,Khada Masala,20,gm,210,152,0,
DMart Premia,Jaifal,Khada Masala,4,pcs,72,52,0,
Local / Unbranded,Aamkodi,Khada Masala,100,gm,0,0,0,
DMart Premia,Kalonji,Seeds & Nuts,100,gm,51,38,0,
DMart Premia,Nimbu Phool,Seeds & Nuts,50,gm,22,17,0,
DMart Premia,Variyali,Seeds & Nuts,200,gm,129,93,1,
DMart Premia,Dhaniya Dal,Seeds & Nuts,100,gm,92,67,1,
DMart Premia,White Til,Seeds & Nuts,100,gm,51,37,0,
DMart Premia,Black Til,Seeds & Nuts,100,gm,51,37,0,
DMart Premia,Alsi,Seeds & Nuts,100,gm,33,24,0,
DMart Premia,Chia Seeds,Seeds & Nuts,100,gm,80,44,1,
DMart Premia,Roasted Pumpkin Seeds,Seeds & Nuts,100,gm,130,87,1,
DMart Premia,Roasted Watermelon Seeds,Seeds & Nuts,100,gm,150,91,1,
DMart Premia,Roasted Sunflower Seeds,Seeds & Nuts,100,gm ,150,91,1,
DMart Premia,Emli,Dry Fruits & Nuts,200,gm,80,58,0,
DMart Premia,Makhana,Dry Fruits & Nuts,100,gm,204,147,0,
DMart Premia,Dry Coconut,Dry Fruits & Nuts,100,gm,0,0,0,
DMart Premia,Khas Khas,Dry Fruits & Nuts,20,gm,0,0,0,
Local / Unbranded,Charoli ,Dry Fruits & Nuts,25,gm,285,185,0,
Local / Unbranded,Almond,Dry Fruits & Nuts,250,gm,0,0,0,
Local / Unbranded,Pista,Dry Fruits & Nuts,250,gm,0,0,0,
Local / Unbranded,Jardalu,Dry Fruits & Nuts,250,gm,0,0,0,
Local / Unbranded,Anjeer,Dry Fruits & Nuts,250,gm,0,0,0,
Local / Unbranded,Kaju,Dry Fruits & Nuts,250,gm,0,0,0,
Local / Unbranded,Green Kismis,Dry Fruits & Nuts,250,gm,0,0,0,
Local / Unbranded,Black Kismis,Dry Fruits & Nuts,250,gm,0,0,0,
Local / Unbranded,Brown Kismis,Dry Fruits & Nuts,250,gm,0,0,0,
Local / Unbranded,Brown Kharek,Dry Fruits & Nuts,250,gm,0,0,0,
Local / Unbranded,Dark Brown Kharek,Dry Fruits & Nuts,250,gm,0,0,0,
Local / Unbranded,Kalmi Khajur,Dry Fruits & Nuts,250,gm,0,0,0,
Local / Unbranded,Ajwa Khajur,Dry Fruits & Nuts,250,gm,0,0,0,
Local / Unbranded,Sukkari Khajur,Dry Fruits & Nuts,250,gm,0,0,0,
Local / Unbranded,Mabroom Khajur,Dry Fruits & Nuts,250,gm,0,0,0,
Local / Unbranded,Medjool Khajur,Dry Fruits & Nuts,250,gm,0,0,0,
Local / Unbranded,Ambar Khajur,Dry Fruits & Nuts,250,gm,0,0,0,
